id,fecha_creacion,titulo_interno,hook_v1,hook_v2,hook_v3,angulo_emocional,problema_principal,emocion_dominante,etapa_funnel,cta_recomendado,formato_visual,duracion_estimada,palabras_clave,estado,prioridad,semana_publicacion,notas,veces_reciclado
IDEA-001,2026-05-10,El ciclo de los deberes sin fin,¿Por qué tu hijo estudia horas y sigue sin sacar buenas notas?,Tu hijo sabe la materia pero en el examen se bloquea. Esto es lo que pasa.,La inteligencia no garantiza las notas. Esto es lo que sí lo hace.,Frustración + incomprensión,Hijo AACC que rinde por debajo de su capacidad en exámenes,Frustración,TOFU,Guarda este vídeo para la próxima vez que te frustres con las notas,Reel hablado a cámara con texto superpuesto,30-35s,deberes notas AACC rendimiento académico bloqueo examen,APPROVED,ALTA,S1,Conectar con la teoría del doble potencial en AACC. Dato: 40% de AACC tienen bajo rendimiento escolar.,2
IDEA-002,2026-05-10,La explosión de las 8 de la mañana,Son las 8 de la mañana y tu hijo ya está en crisis. La jornada acaba de empezar.,Mi hijo explota por cosas que parecen completamente tonterías.,Antes de llegar al colegio ya habéis discutido dos veces. Esto tiene solución.,Agobio + desorientación,Explosiones emocionales desproporcionadas al inicio del día,Agobio,TOFU,Comenta CALMA si reconoces este patrón en tu casa,Reel dinámico con cambio de ritmo a mitad,40-45s,hipersensibilidad AACC explosiones mañana rutina conflicto,APPROVED,ALTA,S1,Ángulo neurológico: el sistema nervioso del AACC ya está saturado antes de salir de casa. Sin validar esta idea se percibe como rebeldía.,1
IDEA-003,2026-05-10,La trampa de las pantallas,No le quites las pantallas. Primero entiende qué le dan que tú no puedes darle aún.,Las pantallas no son el problema. Son el síntoma de algo más profundo.,Tu hijo prefiere una pantalla antes que hablar contigo. Hay una razón muy concreta.,Culpa + confusión parental,Abuso de pantallas como señal de desconexión emocional con el adulto,Culpa,MOFU,Descarga NOA y trabaja el módulo de vínculo esta semana,Reel con pregunta provocadora + giro explicativo,30-45s,pantallas adolescentes AACC vínculo conexión límites tecnología,SCRIPT,ALTA,S2,No atacar las pantallas. El ángulo diferencial es el vínculo. Revisar bibliografía de Daniel Siegel sobre adolescentes y conexión.,0
IDEA-004,2026-05-10,Cuestionar todo como superpoder,Tu hijo no es rebelde. Su cerebro está diseñado para cuestionar autoridades.,Cada vez que pone a prueba una norma está ejercitando el pensamiento crítico.,El mismo hijo que te vuelve loco cuestionando todo será el adulto más competente que conozcas.,Cansancio + orgullo ambivalente,Adolescente AACC que no acepta ninguna norma sin justificación,Cansancio,TOFU,Etiqueta a otro padre que también tenga un hijo que cuestiona todo,Reel con giro emocional en el segundo 20,28-32s,cuestionamiento normas AACC pensamiento crítico adolescente rebeldía autoridad,APPROVED,MEDIA,S1,Ojo con romantizar demasiado. El objetivo es validar al padre cansado no solo al hijo. Equilibrio.,3
IDEA-005,2026-05-11,El agotamiento que nadie ve,Hay un agotamiento que no aparece en el médico pero lo sientes cada día.,Criar a un hijo AACC es agotador de una manera que es muy difícil de explicar.,Llevas meses funcionando en modo supervivencia. Esto tiene nombre: agotamiento parental.,Soledad + agotamiento profundo,Burnout parental silencioso en padres de AACC,Soledad,MOFU,Prueba NOA gratis 7 días - hay un módulo diseñado para padres agotados,Reel intimista en plano cercano voz suave,35-40s,agotamiento burnout parental AACC crianza intensiva fatiga,APPROVED,ALTA,S1,Muy importante no ofrecer solución en este vídeo. Solo validación profunda. La solución llega en el CTA.,2
IDEA-006,2026-05-11,La culpa de los viernes por la noche,El viernes por la noche deberías estar descansando. Estás repasando qué hiciste mal esta semana.,Otro día sintiéndote un mal padre. Aunque lo has dado todo.,La culpa parental en familias AACC es un peso específico que casi nadie entiende.,Culpa + vergüenza + soledad,Culpa parental crónica en padres de hijos AACC,Culpa,MOFU,Descarga NOA - tu hijo no es el único que necesita apoyo,Reel confesional a cámara fija sin cortes,38-45s,culpa parental AACC vergüenza fracaso sensación padres,SCRIPT,ALTA,S2,Conectar explícitamente con el hecho de que NOA es también para el bienestar del padre. No solo para el hijo.,0
IDEA-007,2026-05-11,El adolescente que cuestiona tu autoridad moral,Mi hijo de 14 años me preguntó si tenía argumentos reales para esa norma. No supe qué decir.,Tu hijo no solo cuestiona tus normas. Cuestiona si eres coherente con ellas.,Cuando tu hijo es más lógico que tú en una discusión. Sí. Eso pasa.,Perplejidad + humor incómodo,Adolescente AACC que supera al adulto en debate lógico,Perplejidad,TOFU,Comenta con el emoji si tu hijo también te gana los debates,Reel con tono semihúmorístico pero con fondo emocional real,30-35s,autoridad parental AACC adolescente lógica debate normas coherencia,IDEA,MEDIA,S3,Probar un tono más ligero y con humor. Puede conectar con más audiencia. Medir si baja la profundidad o aumenta el alcance.,0
IDEA-008,2026-05-11,El problema social que más duele,Mi hijo es brillante pero en el recreo está solo. Eso duele más que cualquier nota.,El mayor dolor de criar a un AACC no es académico. Es el de verle sin amigos.,Inteligencia no es igual a habilidad social. Esto es lo que pasa en el cerebro de tu hijo.,Dolor + preocupación profunda,Aislamiento social del adolescente AACC en entorno escolar,Dolor,TOFU,Comenta SOLO si esto te suena. Necesito saberlo.,Reel emocional con música suave e imágenes evocadoras,28-32s,aislamiento social AACC adolescente amigos instituto recreo,APPROVED,ALTA,S2,No trivializar. Es uno de los dolores más genuinos de los padres de AACC. Tono muy cuidadoso. Sin promesas vacías.,1
IDEA-009,2026-05-12,Las 3 frases que cierran la comunicación,Hay 3 frases que los padres de AACC dicen pensando que ayudan. Y hacen lo contrario.,Si dices alguna de estas 3 frases tu hijo dejará de contarte cosas. Para siempre.,Para que tu hijo te hable primero tienes que aprender a no hablar tú.,Urgencia + revelación + corrección,Fallos de comunicación típicos que distancian al padre del hijo AACC,Urgencia,MOFU,Prueba NOA y aprende qué decir en cada situación difícil,Reel formato lista con texto grande en pantalla,40-45s,comunicación AACC frases errores padres adolescente conversación difícil,APPROVED,ALTA,S2,Las 3 frases deben ser reconocibles y vergonzosamente comunes. Probarlas con el equipo antes de publicar.,2
IDEA-010,2026-05-12,Hipersensibilidad no es drama,Tu hijo no exagera. Tiene un sistema nervioso que procesa el mundo de otra manera.,La hipersensibilidad del AACC es una característica neurológica. No un defecto de carácter.,Dejar de ver la hipersensibilidad como problema es el primer paso para ayudar a tu hijo.,Alivio + validación científica,Hipersensibilidad AACC malinterpretada como manipulación o drama,Alivio,MOFU,Sigue para aprender a acompañar la hipersensibilidad de tu hijo,Reel educativo con infografía simple del sistema nervioso,32-38s,hipersensibilidad AACC neurología emociones sistema nervioso sobreexcitabilidad,APPROVED,ALTA,S3,Dato clave: Dabrowski y las sobreexcitabilidades. Hacerlo accesible sin perder rigor científico.,1
IDEA-011,2026-05-12,Cuando explicar demasiado sale mal,Cuanto más le explicas por qué tiene que hacer algo menos te hace caso. No es casualidad.,Le das argumentos perfectos y sigue sin obedecer. Esto es lo que está fallando.,El error más frecuente de los padres de AACC es dar demasiadas explicaciones en el momento equivocado.,Confusión + desgaste + revelación,Padres que sobre-argumentan como respuesta a la demanda de razones del AACC,Confusión,TOFU,Guarda este vídeo para la próxima vez que entres en bucle de explicaciones,Reel con dramatización breve + explicación,30-35s,comunicación AACC explicaciones razonamiento normas adolescente desgaste,APPROVED,ALTA,S2,Idea central del guion-reel.md. Usar como pieza de referencia de calidad de producción.,0
IDEA-012,2026-05-13,El insomnio de los padres de AACC,Son las 11 de la noche. Tu hijo ya duerme. Tú estás repasando cada cosa que salió mal.,El insomnio de los padres de AACC tiene un nombre: rumiación. Y tiene solución.,Cuántas noches has pasado procesando una discusión que tu hijo ya olvidó hace horas.,Soledad + rumiación + agotamiento nocturno,Insomnio y rumiación parental tras conflictos con hijo AACC,Soledad,TOFU,Comenta NOCHE si esto te ha pasado esta semana,Reel íntimo grabado en penumbra con luz cálida,38-42s,insomnio parental AACC noche rumiación preocupación ansiedad,SCRIPT,ALTA,S3,Producción muy específica: luz de pantalla de móvil en oscuridad. Voz en susurro. Sin música.,0
IDEA-013,2026-05-13,El miedo al error que lo paraliza todo,Tu hijo es el más brillante de la clase y el que más miedo tiene a equivocarse.,El perfeccionismo del AACC no es ambición. Es terror al fracaso disfrazado.,La nota más alta no siempre viene del alumno más inteligente. A veces viene del más paralizado.,Miedo + presión interna + comprensión,Perfeccionismo paralizante en adolescentes AACC,Miedo,MOFU,Guarda si reconoces el perfeccionismo de tu hijo en esta descripción,Reel educativo con testimonio breve integrado,30-35s,perfeccionismo AACC miedo error bloqueo adolescente presión interna,APPROVED,ALTA,S4,Conectar con el módulo de gestión del perfeccionismo dentro de NOA. CTA directo a función específica.,1
IDEA-014,2026-05-13,Por qué los premios y castigos no funcionan,Con hijos AACC el sistema de premios y castigos funciona al revés de lo que esperas.,Si premias o castigas a tu hijo AACC estás usando las herramientas equivocadas para el cerebro equivocado.,Los adolescentes AACC tienen una motivación interna tan potente que los estímulos externos la bloquean.,Revelación + cuestionamiento de creencias,Sistema de refuerzo conductual ineficaz con perfiles AACC,Sorpresa,MOFU,Prueba el enfoque que sí funciona. Está en NOA.,Reel educativo con ejemplo concreto antes-después,42-48s,premios castigos AACC motivación intrínseca refuerzo adolescente crianza alternativa,SCRIPT,MEDIA,S4,Referencia a la investigación de Deci y Ryan sobre motivación intrínseca. Hacerlo muy concreto y aplicable.,0
IDEA-015,2026-05-14,El momento en que te conviertes en el enemigo,Hubo un momento exacto en que dejé de ser su apoyo y me convertí en su problema.,No sé exactamente cuándo pasó. Pero un día me di cuenta de que mi hijo me evitaba.,Cuando tu hijo prefiere no contarte nada antes que arriesgarse a tu reacción.,Dolor + pérdida + urgencia de reconexión,Ruptura del vínculo de confianza entre padre e hijo AACC adolescente,Dolor,TOFU,Comenta si puedes identificar el momento en que esto empezó,Reel confesional a cámara con plano muy cercano,45-50s,vínculo confianza AACC adolescente distancia emocional reconexión padre hijo,APPROVED,ALTA,S3,Uno de los hooks más potentes del banco. Producción cuidada. Tono honesto sin caer en dramatismo innecesario.,0
IDEA-016,2026-05-14,El autocuidado que nadie le dice a los padres de AACC,Nadie te dijo que para cuidar a tu hijo AACC primero tienes que cuidarte tú.,Cuando estás en modo supervivencia no puedes ser el padre que tu hijo necesita.,El padre agotado no puede dar lo que el hijo AACC necesita. Esto no es egoísmo. Es biología.,Vulnerabilidad + permiso para cuidarse,Ausencia de autocuidado en padres de hijos AACC,Vulnerabilidad,BOFU,NOA tiene un espacio específico diseñado para ti. No solo para tu hijo.,Reel íntimo con tono de permisor emocional,38-42s,autocuidado parental AACC bienestar salud mental padres descanso,SCRIPT,ALTA,S4,Mensaje diferenciador de NOA: la app es para el padre. El ángulo de autocuidado debe ser específico y no genérico.,0
IDEA-017,2026-05-14,Cuando tu hijo sabe más que el profesor,Mi hijo corrija al profesor en clase y eso se convierte en un problema. Para todos.,Tu hijo AACC aburre en el aula. No porque sea difícil sino porque ya lo sabe.,Cuando el sistema educativo no está pensado para cerebros como el de tu hijo.,Indignación + impotencia + solidaridad,Desadaptación del sistema educativo a los perfiles AACC,Indignación,TOFU,Comenta si tu hijo también tiene esta situación en clase,Reel informativo con tono reivindicativo,35-40s,sistema educativo AACC aburrimiento colegio profesor adaptación curricular,IDEA,MEDIA,S4,Cuidado de no atacar directamente al profesorado. El sistema sí. Las personas no. Tono constructivo.,0
IDEA-018,2026-05-15,La conversación de las 11 de la noche,Las mejores conversaciones con mi hijo AACC siempre son a las 11 de la noche. Por algo será.,Mi hijo solo abre cuando ya debería estar durmiendo. Y he aprendido a aprovechar eso.,Si tu hijo adolescente habla cuando tú ya no puedes más hay una razón neurológica muy concreta.,Complicidad + descubrimiento,Patrón de comunicación tardía en adolescentes AACC y cómo aprovecharlo,Complicidad,MOFU,Aprende en NOA cómo crear más momentos de apertura como ese,Reel cálido con tono de intimidad compartida,30-35s,comunicación nocturna AACC adolescente apertura emocional cronobiología,IDEA,MEDIA,S3,Ángulo positivo y práctico. Conectar con cronobiología del adolescente AACC. Referencia a investigación de ritmos circadianos.,0
IDEA-019,2026-05-15,Qué hacer cuando tu hijo te dice que te odia,Mi hijo me dijo que me odiaba. Lo que hice en los siguientes 60 segundos lo cambió todo.,La frase más dolorosa que puede decirte tu hijo. Y la respuesta que más importa en ese momento.,Cuando tu hijo explota y dice cosas que hacen daño. El protocolo de los 60 segundos.,Dolor agudo + competencia parental,Gestión de la crisis verbal extrema con hijo AACC adolescente,Dolor,TOFU,Comenta si alguna vez has vivido algo así,Reel de alto impacto emocional con resolución práctica,42-48s,crisis verbal AACC hijo te odia gestión emocional protocolo padres,APPROVED,ALTA,S4,El protocolo de los 60 segundos debe ser concreto y aplicable inmediatamente. Conectar con módulo de crisis en NOA.,1
IDEA-020,2026-05-15,El quiz de los 5 indicadores AACC,El 40% de los niños con altas capacidades no están identificados. ¿Es tu hijo uno de ellos?,Responde estas 5 preguntas y descubre si tu hijo podría tener altas capacidades.,Antes de buscar diagnóstico hay 5 indicadores conductuales que todos los padres deberían conocer.,Curiosidad + urgencia + acción,Desconocimiento de indicadores de AACC en padres sin diagnóstico,Curiosidad,TOFU,Descarga NOA para acceder al cuestionario completo de indicadores,Carrusel interactivo estilo quiz con slide final de resultado,0,identificar AACC señales indicadores quiz test padres diagnóstico,APPROVED,ALTA,S3,Uso del dato del 40% como gancho de entrada. Verificar con fuente oficial ANAC o similar. Carrusel de 6-8 slides.,2
